GEO.id,GEO.id2,GEO.display-label,HD01_VD02,HD02_VD02,HD01_VD03,HD02_VD03,HD01_VD04,HD02_VD04
Id,Id2,Geography,Estimate; Median age -- - Total:,Margin of Error; Median age -- - Total:,Estimate; Median age -- - Male,Margin of Error; Median age -- - Male,Estimate; Median age -- - Female,Margin of Error; Median age -- - Female
8600000US00694,00694,ZCTA5 00694,,,$-,$**,$-,$**
8600000US00934,00934,ZCTA5 00934,,,$-,$**,$-,$**
8600000US00950,00950,ZCTA5 00950,$-,$**,$-,$**,$-,$**
8600000US00951,00951,ZCTA5 00951,$-,$**,$-,$**,$-,$**
8600000US01066,01066,ZCTA5 01066,$-,$**,$-,$**,$-,$**
8600000US01199,01199,ZCTA5 01199,$-,$**,$-,$**,$-,$**
8600000US02047,02047,ZCTA5 02047,,,$-,$**,$-,$**
8600000US02203,02203,ZCTA5 02203,$-,$**,$-,$**,$-,$**
8600000US02366,02366,ZCTA5 02366,,,,,$-,$**
8600000US02584,02584,ZCTA5 02584,$-,$**,$-,$**,$-,$**
8600000US02643,02643,ZCTA5 02643,$-,$**,$-,$**,$-,$**
8600000US02651,02651,ZCTA5 02651,$-,$**,$-,$**,$-,$**
8600000US03291,03291,ZCTA5 03291,,,$-,$**,$-,$**
8600000US03754,03754,ZCTA5 03754,,,,,$-,$**
8600000US03871,03871,ZCTA5 03871,,,$-,$**,$-,$**
8600000US03911,03911,ZCTA5 03911,,,,,$-,$**
8600000US04019,04019,ZCTA5 04019,$-,$**,$-,$**,$-,$**
8600000US04057,04057,ZCTA5 04057,,,,,$-,$**
8600000US04227,04227,ZCTA5 04227,,,$-,$**,$-,$**
8600000US04228,04228,ZCTA5 04228,,,$-,$**,$-,$**
8600000US04267,04267,ZCTA5 04267,,,,,$-,$**
8600000US04271,04271,ZCTA5 04271,$-,$**,$-,$**,$-,$**
8600000US04343,04343,ZCTA5 04343,,,$-,$**,$-,$**
8600000US04431,04431,ZCTA5 04431,,,$-,$**,,
8600000US04442,04442,ZCTA5 04442,$-,$**,$-,$**,$-,$**
8600000US04454,04454,ZCTA5 04454,,,$-,$**,$-,$**
8600000US04570,04570,ZCTA5 04570,$-,$**,$-,$**,$-,$**
8600000US04629,04629,ZCTA5 04629,,,$-,$**,$-,$**
8600000US04644,04644,ZCTA5 04644,$-,$**,$-,$**,$-,$**
8600000US04683,04683,ZCTA5 04683,,,$-,$**,,
8600000US04741,04741,ZCTA5 04741,$-,$**,$-,$**,$-,$**
8600000US04926,04926,ZCTA5 04926,$-,$**,$-,$**,$-,$**
8600000US04933,04933,ZCTA5 04933,,,$-,$**,$-,$**
8600000US04940,04940,ZCTA5 04940,$-,$**,$-,$**,$-,$**
8600000US04944,04944,ZCTA5 04944,$-,$**,$-,$**,$-,$**
8600000US04975,04975,ZCTA5 04975,,,$-,$**,$-,$**
8600000US04992,04992,ZCTA5 04992,,,$-,$**,,
8600000US05481,05481,ZCTA5 05481,$-,$**,$-,$**,$-,$**
8600000US05664,05664,ZCTA5 05664,,,$-,$**,,
8600000US05740,05740,ZCTA5 05740,$-,$**,$-,$**,$-,$**
8600000US06020,06020,ZCTA5 06020,$-,$**,$-,$**,$-,$**
8600000US06022,06022,ZCTA5 06022,,,$-,$**,$-,$**
8600000US06059,06059,ZCTA5 06059,$-,$**,$-,$**,$-,$**
8600000US06061,06061,ZCTA5 06061,,,,,$-,$**
8600000US06160,06160,ZCTA5 06160,$-,$**,$-,$**,$-,$**
8600000US06243,06243,ZCTA5 06243,$-,$**,$-,$**,$-,$**
8600000US06353,06353,ZCTA5 06353,$-,$**,$-,$**,$-,$**
8600000US06389,06389,ZCTA5 06389,$-,$**,$-,$**,$-,$**
8600000US06856,06856,ZCTA5 06856,,,,,$-,$**
8600000US07495,07495,ZCTA5 07495,$-,$**,$-,$**,$-,$**
8600000US07703,07703,ZCTA5 07703,,,,,$-,$**
8600000US07820,07820,ZCTA5 07820,,,,,$-,$**
8600000US07870,07870,ZCTA5 07870,$-,$**,$-,$**,$-,$**
8600000US07881,07881,ZCTA5 07881,,,$-,$**,,
8600000US07926,07926,ZCTA5 07926,,,$-,$**,$-,$**
8600000US07939,07939,ZCTA5 07939,,,,,$-,$**
8600000US07961,07961,ZCTA5 07961,$-,$**,$-,$**,$-,$**
8600000US08074,08074,ZCTA5 08074,,,$-,$**,$-,$**
8600000US08217,08217,ZCTA5 08217,,,,,$-,$**
8600000US08246,08246,ZCTA5 08246,,,,,$-,$**
8600000US08320,08320,ZCTA5 08320,,,,,$-,$**
8600000US08561,08561,ZCTA5 08561,,,$-,$**,,
8600000US08808,08808,ZCTA5 08808,,,,,$-,$**
8600000US08858,08858,ZCTA5 08858,,,,,$-,$**
8600000US08890,08890,ZCTA5 08890,$-,$**,$-,$**,$-,$**
8600000US10020,10020,ZCTA5 10020,$-,$**,$-,$**,$-,$**
8600000US10103,10103,ZCTA5 10103,$-,$**,$-,$**,$-,$**
8600000US10110,10110,ZCTA5 10110,$-,$**,$-,$**,$-,$**
8600000US10111,10111,ZCTA5 10111,$-,$**,$-,$**,$-,$**
8600000US10112,10112,ZCTA5 10112,$-,$**,$-,$**,$-,$**
8600000US10115,10115,ZCTA5 10115,$-,$**,$-,$**,$-,$**
8600000US10119,10119,ZCTA5 10119,$-,$**,$-,$**,$-,$**
8600000US10152,10152,ZCTA5 10152,$-,$**,$-,$**,$-,$**
8600000US10153,10153,ZCTA5 10153,$-,$**,$-,$**,$-,$**
8600000US10154,10154,ZCTA5 10154,$-,$**,$-,$**,$-,$**
8600000US10165,10165,ZCTA5 10165,$-,$**,$-,$**,$-,$**
8600000US10167,10167,ZCTA5 10167,$-,$**,$-,$**,$-,$**
8600000US10168,10168,ZCTA5 10168,$-,$**,$-,$**,$-,$**
8600000US10169,10169,ZCTA5 10169,$-,$**,$-,$**,$-,$**
8600000US10170,10170,ZCTA5 10170,$-,$**,$-,$**,$-,$**
8600000US10171,10171,ZCTA5 10171,$-,$**,$-,$**,$-,$**
8600000US10172,10172,ZCTA5 10172,$-,$**,$-,$**,$-,$**
8600000US10173,10173,ZCTA5 10173,$-,$**,$-,$**,$-,$**
8600000US10174,10174,ZCTA5 10174,$-,$**,$-,$**,$-,$**
8600000US10177,10177,ZCTA5 10177,$-,$**,$-,$**,$-,$**
8600000US10199,10199,ZCTA5 10199,$-,$**,$-,$**,$-,$**
8600000US10271,10271,ZCTA5 10271,$-,$**,$-,$**,$-,$**
8600000US10278,10278,ZCTA5 10278,$-,$**,$-,$**,$-,$**
8600000US10279,10279,ZCTA5 10279,$-,$**,$-,$**,$-,$**
8600000US10311,10311,ZCTA5 10311,$-,$**,$-,$**,$-,$**
8600000US10545,10545,ZCTA5 10545,,,,,$-,$**
8600000US10910,10910,ZCTA5 10910,$-,$**,$-,$**,$-,$**
8600000US10911,10911,ZCTA5 10911,$-,$**,$-,$**,$-,$**
8600000US10915,10915,ZCTA5 10915,$-,$**,$-,$**,$-,$**
8600000US10932,10932,ZCTA5 10932,,,$-,$**,,
8600000US10979,10979,ZCTA5 10979,,,,,$-,$**
8600000US10985,10985,ZCTA5 10985,,,$-,$**,$-,$**
8600000US11351,11351,ZCTA5 11351,$-,$**,$-,$**,$-,$**
8600000US11359,11359,ZCTA5 11359,$-,$**,$-,$**,$-,$**
8600000US11371,11371,ZCTA5 11371,$-,$**,$-,$**,$-,$**
8600000US11424,11424,ZCTA5 11424,$-,$**,$-,$**,$-,$**
8600000US11425,11425,ZCTA5 11425,$-,$**,$-,$**,$-,$**
8600000US11451,11451,ZCTA5 11451,$-,$**,$-,$**,$-,$**
8600000US11556,11556,ZCTA5 11556,,,,,$-,$**
8600000US11931,11931,ZCTA5 11931,$-,$**,$-,$**,$-,$**
8600000US11947,11947,ZCTA5 11947,,,$-,$**,,
8600000US11970,11970,ZCTA5 11970,,,$-,$**,,
8600000US12007,12007,ZCTA5 12007,$-,$**,$-,$**,$-,$**
8600000US12024,12024,ZCTA5 12024,$-,$**,$-,$**,$-,$**
8600000US12089,12089,ZCTA5 12089,,,,,$-,$**
8600000US12161,12161,ZCTA5 12161,,,$-,$**,,
8600000US12441,12441,ZCTA5 12441,,,$-,$**,,
8600000US12450,12450,ZCTA5 12450,,,$-,$**,,
8600000US12490,12490,ZCTA5 12490,$-,$**,$-,$**,$-,$**
8600000US12512,12512,ZCTA5 12512,$-,$**,$-,$**,$-,$**
8600000US12530,12530,ZCTA5 12530,,,,,$-,$**
8600000US12722,12722,ZCTA5 12722,,,,,$-,$**
8600000US12784,12784,ZCTA5 12784,,,$-,$**,$-,$**
8600000US12811,12811,ZCTA5 12811,,,,,$-,$**
8600000US12862,12862,ZCTA5 12862,$-,$**,$-,$**,$-,$**
8600000US12864,12864,ZCTA5 12864,$-,$**,$-,$**,$-,$**
8600000US12872,12872,ZCTA5 12872,,,$-,$**,,
8600000US12911,12911,ZCTA5 12911,,,,,$-,$**
8600000US12977,12977,ZCTA5 12977,,,,,$-,$**
8600000US13024,13024,ZCTA5 13024,,,,,$-,$**
8600000US13102,13102,ZCTA5 13102,,,$-,$**,$-,$**
8600000US13138,13138,ZCTA5 13138,$-,$**,$-,$**,$-,$**
8600000US13290,13290,ZCTA5 13290,$-,$**,$-,$**,$-,$**
8600000US13441,13441,ZCTA5 13441,,,,,$-,$**
8600000US13472,13472,ZCTA5 13472,,,,,$-,$**
8600000US13475,13475,ZCTA5 13475,,,$-,$**,,
8600000US13623,13623,ZCTA5 13623,,,,,$-,$**
8600000US13643,13643,ZCTA5 13643,$-,$**,$-,$**,$-,$**
8600000US13692,13692,ZCTA5 13692,,,$-,$**,$-,$**
8600000US13696,13696,ZCTA5 13696,$-,$**,$-,$**,$-,$**
8600000US13794,13794,ZCTA5 13794,,,$-,$**,,
8600000US13826,13826,ZCTA5 13826,$-,$**,$-,$**,$-,$**
8600000US13834,13834,ZCTA5 13834,,,,,$-,$**
8600000US13845,13845,ZCTA5 13845,$-,$**,$-,$**,$-,$**
8600000US14112,14112,ZCTA5 14112,$-,$**,$-,$**,$-,$**
8600000US14302,14302,ZCTA5 14302,,,$-,$**,,
8600000US14827,14827,ZCTA5 14827,,,$-,$**,,
8600000US14854,14854,ZCTA5 14854,,,$-,$**,$-,$**
8600000US14856,14856,ZCTA5 14856,,,$-,$**,,
8600000US14893,14893,ZCTA5 14893,$-,$**,$-,$**,$-,$**
8600000US15260,15260,ZCTA5 15260,$-,$**,$-,$**,$-,$**
8600000US15290,15290,ZCTA5 15290,$-,$**,$-,$**,$-,$**
8600000US15378,15378,ZCTA5 15378,,,$-,$**,,
8600000US15421,15421,ZCTA5 15421,$-,$**,$-,$**,$-,$**
8600000US15463,15463,ZCTA5 15463,$-,$**,$-,$**,$-,$**
8600000US15472,15472,ZCTA5 15472,,,$-,$**,,
8600000US15476,15476,ZCTA5 15476,,,$-,$**,$-,$**
8600000US15510,15510,ZCTA5 15510,,,,,$-,$**
8600000US15616,15616,ZCTA5 15616,,,$-,$**,$-,$**
8600000US15625,15625,ZCTA5 15625,,,$-,$**,$-,$**
8600000US15662,15662,ZCTA5 15662,,,$-,$**,$-,$**
8600000US15691,15691,ZCTA5 15691,$-,$**,$-,$**,$-,$**
8600000US15723,15723,ZCTA5 15723,,,$-,$**,$-,$**
8600000US15752,15752,ZCTA5 15752,,,,,$-,$**
8600000US16140,16140,ZCTA5 16140,$-,$**,$-,$**,$-,$**
8600000US16312,16312,ZCTA5 16312,$-,$**,$-,$**,$-,$**
8600000US16682,16682,ZCTA5 16682,,,$-,$**,$-,$**
8600000US16699,16699,ZCTA5 16699,,,,,$-,$**
8600000US17010,17010,ZCTA5 17010,,,$-,$**,$-,$**
8600000US17072,17072,ZCTA5 17072,,,$-,$**,$-,$**
8600000US17076,17076,ZCTA5 17076,,,$-,$**,$-,$**
8600000US17083,17083,ZCTA5 17083,$-,$**,$-,$**,$-,$**
8600000US17120,17120,ZCTA5 17120,$-,$**,$-,$**,$-,$**
8600000US17250,17250,ZCTA5 17250,$-,$**,$-,$**,$-,$**
8600000US17254,17254,ZCTA5 17254,,,,,$-,$**
8600000US17256,17256,ZCTA5 17256,,,,,$-,$**
8600000US17270,17270,ZCTA5 17270,$-,$**,$-,$**,$-,$**
8600000US17343,17343,ZCTA5 17343,$-,$**,$-,$**,$-,$**
8600000US17507,17507,ZCTA5 17507,$-,$**,$-,$**,$-,$**
8600000US17730,17730,ZCTA5 17730,,,$-,$**,,
8600000US17779,17779,ZCTA5 17779,$-,$**,$-,$**,$-,$**
8600000US17822,17822,ZCTA5 17822,$-,$**,$-,$**,$-,$**
8600000US17933,17933,ZCTA5 17933,,,,,$-,$**
8600000US17943,17943,ZCTA5 17943,,,,,$-,$**
8600000US17946,17946,ZCTA5 17946,,,$-,$**,,
8600000US18016,18016,ZCTA5 18016,$-,$**,$-,$**,$-,$**
8600000US18046,18046,ZCTA5 18046,,,$-,$**,,
8600000US18068,18068,ZCTA5 18068,$-,$**,$-,$**,$-,$**
8600000US18195,18195,ZCTA5 18195,$-,$**,$-,$**,$-,$**
8600000US18225,18225,ZCTA5 18225,,,,,$-,$**
8600000US18251,18251,ZCTA5 18251,,,$-,$**,$-,$**
8600000US18427,18427,ZCTA5 18427,,,$-,$**,$-,$**
8600000US18430,18430,ZCTA5 18430,,,$-,$**,$-,$**
8600000US18454,18454,ZCTA5 18454,$-,$**,$-,$**,$-,$**
8600000US18913,18913,ZCTA5 18913,,,,,$-,$**
8600000US18935,18935,ZCTA5 18935,$-,$**,$-,$**,$-,$**
8600000US18936,18936,ZCTA5 18936,$-,$**,$-,$**,$-,$**
8600000US19109,19109,ZCTA5 19109,$-,$**,$-,$**,$-,$**
8600000US19112,19112,ZCTA5 19112,$-,$**,$-,$**,$-,$**
8600000US19367,19367,ZCTA5 19367,,,$-,$**,$-,$**
8600000US19375,19375,ZCTA5 19375,,,$-,$**,,
8600000US19442,19442,ZCTA5 19442,$-,$**,$-,$**,$-,$**
8600000US19457,19457,ZCTA5 19457,,,$-,$**,$-,$**
8600000US19472,19472,ZCTA5 19472,$-,$**,$-,$**,$-,$**
8600000US19519,19519,ZCTA5 19519,$-,$**,$-,$**,$-,$**
8600000US19538,19538,ZCTA5 19538,$-,$**,$-,$**,$-,$**
8600000US19542,19542,ZCTA5 19542,$-,$**,$-,$**,$-,$**
8600000US19710,19710,ZCTA5 19710,$-,$**,$-,$**,$-,$**
8600000US19735,19735,ZCTA5 19735,,,$-,$**,,
8600000US19736,19736,ZCTA5 19736,$-,$**,$-,$**,$-,$**
8600000US20045,20045,ZCTA5 20045,$-,$**,$-,$**,$-,$**
8600000US20053,20053,ZCTA5 20053,$-,$**,$-,$**,$-,$**
8600000US20118,20118,ZCTA5 20118,,,$-,$**,$-,$**
8600000US20202,20202,ZCTA5 20202,$-,$**,$-,$**,$-,$**
8600000US20204,20204,ZCTA5 20204,$-,$**,$-,$**,$-,$**
8600000US20228,20228,ZCTA5 20228,$-,$**,$-,$**,$-,$**
8600000US20230,20230,ZCTA5 20230,$-,$**,$-,$**,$-,$**
8600000US20240,20240,ZCTA5 20240,$-,$**,$-,$**,$-,$**
8600000US20245,20245,ZCTA5 20245,$-,$**,$-,$**,$-,$**
8600000US20260,20260,ZCTA5 20260,$-,$**,$-,$**,$-,$**
8600000US20319,20319,ZCTA5 20319,,,,,$-,$**
8600000US20373,20373,ZCTA5 20373,,,,,$-,$**
8600000US20405,20405,ZCTA5 20405,$-,$**,$-,$**,$-,$**
8600000US20418,20418,ZCTA5 20418,$-,$**,$-,$**,$-,$**
8600000US20427,20427,ZCTA5 20427,$-,$**,$-,$**,$-,$**
8600000US20506,20506,ZCTA5 20506,$-,$**,$-,$**,$-,$**
8600000US20510,20510,ZCTA5 20510,$-,$**,$-,$**,$-,$**
8600000US20520,20520,ZCTA5 20520,$-,$**,$-,$**,$-,$**
8600000US20535,20535,ZCTA5 20535,$-,$**,$-,$**,$-,$**
8600000US20540,20540,ZCTA5 20540,$-,$**,$-,$**,$-,$**
8600000US20551,20551,ZCTA5 20551,$-,$**,$-,$**,$-,$**
8600000US20553,20553,ZCTA5 20553,$-,$**,$-,$**,$-,$**
8600000US20560,20560,ZCTA5 20560,$-,$**,$-,$**,$-,$**
8600000US20565,20565,ZCTA5 20565,$-,$**,$-,$**,$-,$**
8600000US20566,20566,ZCTA5 20566,$-,$**,$-,$**,$-,$**
8600000US20593,20593,ZCTA5 20593,$-,$**,$-,$**,$-,$**
8600000US20660,20660,ZCTA5 20660,$-,$**,$-,$**,$-,$**
8600000US20701,20701,ZCTA5 20701,$-,$**,$-,$**,$-,$**
8600000US21031,21031,ZCTA5 21031,$-,$**,$-,$**,$-,$**
8600000US21105,21105,ZCTA5 21105,$-,$**,$-,$**,$-,$**
8600000US21240,21240,ZCTA5 21240,$-,$**,$-,$**,$-,$**
8600000US21627,21627,ZCTA5 21627,,,$-,$**,,
8600000US21705,21705,ZCTA5 21705,$-,$**,$-,$**,$-,$**
8600000US21717,21717,ZCTA5 21717,,,$-,$**,$-,$**
8600000US21746,21746,ZCTA5 21746,,,,,$-,$**
8600000US21867,21867,ZCTA5 21867,,,$-,$**,,
8600000US21890,21890,ZCTA5 21890,,,,,$-,$**
8600000US21902,21902,ZCTA5 21902,,,,,$-,$**
8600000US21916,21916,ZCTA5 21916,,,,,$-,$**
8600000US22035,22035,ZCTA5 22035,$-,$**,$-,$**,$-,$**
8600000US22185,22185,ZCTA5 22185,$-,$**,$-,$**,$-,$**
8600000US22214,22214,ZCTA5 22214,$-,$**,$-,$**,$-,$**
8600000US22509,22509,ZCTA5 22509,$-,$**,$-,$**,$-,$**
8600000US22530,22530,ZCTA5 22530,,,,,$-,$**
8600000US22579,22579,ZCTA5 22579,,,$-,$**,$-,$**
8600000US22711,22711,ZCTA5 22711,$-,$**,$-,$**,$-,$**
8600000US22723,22723,ZCTA5 22723,,,$-,$**,,
8600000US22845,22845,ZCTA5 22845,$-,$**,$-,$**,$-,$**
8600000US22989,22989,ZCTA5 22989,$-,$**,$-,$**,$-,$**
8600000US23045,23045,ZCTA5 23045,,,,,$-,$**
8600000US23130,23130,ZCTA5 23130,,,$-,$**,,
8600000US23163,23163,ZCTA5 23163,,,$-,$**,,
8600000US23250,23250,ZCTA5 23250,$-,$**,$-,$**,$-,$**
8600000US23304,23304,ZCTA5 23304,$-,$**,$-,$**,$-,$**
8600000US23313,23313,ZCTA5 23313,,,$-,$**,,
8600000US23358,23358,ZCTA5 23358,,,$-,$**,$-,$**
8600000US23389,23389,ZCTA5 23389,$-,$**,$-,$**,$-,$**
8600000US23398,23398,ZCTA5 23398,,,$-,$**,$-,$**
8600000US23408,23408,ZCTA5 23408,,,$-,$**,$-,$**
8600000US23414,23414,ZCTA5 23414,,,$-,$**,,
8600000US23488,23488,ZCTA5 23488,,,,,$-,$**
8600000US23891,23891,ZCTA5 23891,,,,,$-,$**
8600000US23943,23943,ZCTA5 23943,,,,,$-,$**
8600000US24020,24020,ZCTA5 24020,,,$-,$**,,
8600000US24130,24130,ZCTA5 24130,$-,$**,$-,$**,$-,$**
8600000US24131,24131,ZCTA5 24131,$-,$**,$-,$**,$-,$**
8600000US24316,24316,ZCTA5 24316,$-,$**,$-,$**,$-,$**
8600000US24411,24411,ZCTA5 24411,$-,$**,$-,$**,$-,$**
8600000US24412,24412,ZCTA5 24412,,,$-,$**,$-,$**
8600000US24415,24415,ZCTA5 24415,,,$-,$**,,
8600000US24570,24570,ZCTA5 24570,$-,$**,$-,$**,$-,$**
8600000US24581,24581,ZCTA5 24581,$-,$**,$-,$**,$-,$**
8600000US24595,24595,ZCTA5 24595,,,$-,$**,,
8600000US24601,24601,ZCTA5 24601,,,$-,$**,,
8600000US24719,24719,ZCTA5 24719,,,,,$-,$**
8600000US24737,24737,ZCTA5 24737,,,,,$-,$**
8600000US24887,24887,ZCTA5 24887,$-,$**,$-,$**,$-,$**
8600000US24898,24898,ZCTA5 24898,,,$-,$**,$-,$**
8600000US25002,25002,ZCTA5 25002,$-,$**,$-,$**,$-,$**
8600000US25025,25025,ZCTA5 25025,,,,,$-,$**
8600000US25048,25048,ZCTA5 25048,,,,,$-,$**
8600000US25115,25115,ZCTA5 25115,,,,,$-,$**
8600000US25126,25126,ZCTA5 25126,,,$-,$**,$-,$**
8600000US25156,25156,ZCTA5 25156,,,,,$-,$**
8600000US25180,25180,ZCTA5 25180,$-,$**,$-,$**,$-,$**
8600000US25183,25183,ZCTA5 25183,$-,$**,$-,$**,$-,$**
8600000US25185,25185,ZCTA5 25185,,,,,$-,$**
8600000US25201,25201,ZCTA5 25201,$-,$**,$-,$**,$-,$**
8600000US25203,25203,ZCTA5 25203,,,,,$-,$**
8600000US25305,25305,ZCTA5 25305,$-,$**,$-,$**,$-,$**
8600000US25444,25444,ZCTA5 25444,,,,,$-,$**
8600000US25811,25811,ZCTA5 25811,,,,,$-,$**
8600000US25853,25853,ZCTA5 25853,$-,$**,$-,$**,$-,$**
8600000US25870,25870,ZCTA5 25870,,,$-,$**,,
8600000US25876,25876,ZCTA5 25876,,,$-,$**,$-,$**
8600000US25902,25902,ZCTA5 25902,,,$-,$**,,
8600000US25907,25907,ZCTA5 25907,,,,,$-,$**
8600000US25911,25911,ZCTA5 25911,,,,,$-,$**
8600000US26203,26203,ZCTA5 26203,,,$-,$**,,
8600000US26228,26228,ZCTA5 26228,$-,$**,$-,$**,$-,$**
8600000US26236,26236,ZCTA5 26236,,,,,$-,$**
8600000US26259,26259,ZCTA5 26259,,,,,$-,$**
8600000US26266,26266,ZCTA5 26266,,,,,$-,$**
8600000US26268,26268,ZCTA5 26268,,,$-,$**,,
8600000US26282,26282,ZCTA5 26282,$-,$**,$-,$**,$-,$**
8600000US26327,26327,ZCTA5 26327,,,$-,$**,,
8600000US26586,26586,ZCTA5 26586,,,$-,$**,,
8600000US26720,26720,ZCTA5 26720,,,,,$-,$**
8600000US27340,27340,ZCTA5 27340,$-,$**,$-,$**,$-,$**
8600000US27982,27982,ZCTA5 27982,,,,,$-,$**
8600000US28019,28019,ZCTA5 28019,$-,$**,$-,$**,$-,$**
8600000US28244,28244,ZCTA5 28244,$-,$**,$-,$**,$-,$**
8600000US28280,28280,ZCTA5 28280,$-,$**,$-,$**,$-,$**
8600000US28282,28282,ZCTA5 28282,$-,$**,$-,$**,$-,$**
8600000US28629,28629,ZCTA5 28629,$-,$**,$-,$**,$-,$**
8600000US28652,28652,ZCTA5 28652,,,,,$-,$**
8600000US28662,28662,ZCTA5 28662,$-,$**,$-,$**,$-,$**
8600000US28672,28672,ZCTA5 28672,$-,$**,$-,$**,$-,$**
8600000US28725,28725,ZCTA5 28725,,,,,$-,$**
8600000US28733,28733,ZCTA5 28733,$-,$**,$-,$**,$-,$**
8600000US28749,28749,ZCTA5 28749,$-,$**,$-,$**,$-,$**
8600000US29079,29079,ZCTA5 29079,$-,$**,$-,$**,$-,$**
8600000US29147,29147,ZCTA5 29147,$-,$**,$-,$**,$-,$**
8600000US29338,29338,ZCTA5 29338,$-,$**,$-,$**,$-,$**
8600000US29368,29368,ZCTA5 29368,$-,$**,$-,$**,$-,$**
8600000US29899,29899,ZCTA5 29899,,,,,$-,$**
8600000US29912,29912,ZCTA5 29912,$-,$**,$-,$**,$-,$**
8600000US30164,30164,ZCTA5 30164,$-,$**,$-,$**,$-,$**
8600000US30275,30275,ZCTA5 30275,$-,$**,$-,$**,$-,$**
8600000US30334,30334,ZCTA5 30334,$-,$**,$-,$**,$-,$**
8600000US30475,30475,ZCTA5 30475,$-,$**,$-,$**,$-,$**
8600000US30581,30581,ZCTA5 30581,$-,$**,$-,$**,$-,$**
8600000US30726,30726,ZCTA5 30726,$-,$**,$-,$**,$-,$**
8600000US30751,30751,ZCTA5 30751,$-,$**,$-,$**,$-,$**
8600000US31039,31039,ZCTA5 31039,$-,$**,$-,$**,$-,$**
8600000US31045,31045,ZCTA5 31045,,,$-,$**,,
8600000US31084,31084,ZCTA5 31084,$-,$**,$-,$**,$-,$**
8600000US31213,31213,ZCTA5 31213,$-,$**,$-,$**,$-,$**
8600000US31304,31304,ZCTA5 31304,$-,$**,$-,$**,$-,$**
8600000US31327,31327,ZCTA5 31327,,,$-,$**,$-,$**
8600000US31524,31524,ZCTA5 31524,$-,$**,$-,$**,$-,$**
8600000US32026,32026,ZCTA5 32026,,,,,$-,$**
8600000US32133,32133,ZCTA5 32133,,,$-,$**,$-,$**
8600000US32356,32356,ZCTA5 32356,,,,,$-,$**
8600000US32399,32399,ZCTA5 32399,$-,$**,$-,$**,$-,$**
8600000US32432,32432,ZCTA5 32432,$-,$**,$-,$**,$-,$**
8600000US32447,32447,ZCTA5 32447,,,,,$-,$**
8600000US32461,32461,ZCTA5 32461,$-,$**,$-,$**,$-,$**
8600000US32509,32509,ZCTA5 32509,,,,,$-,$**
8600000US32530,32530,ZCTA5 32530,$-,$**,$-,$**,$-,$**
8600000US32639,32639,ZCTA5 32639,,,$-,$**,$-,$**
8600000US32681,32681,ZCTA5 32681,,,$-,$**,$-,$**
8600000US32830,32830,ZCTA5 32830,,,$-,$**,$-,$**
8600000US32831,32831,ZCTA5 32831,,,,,$-,$**
8600000US33101,33101,ZCTA5 33101,$-,$**,$-,$**,$-,$**
8600000US33122,33122,ZCTA5 33122,,,,,$-,$**
8600000US33854,33854,ZCTA5 33854,,,$-,$**,,
8600000US33855,33855,ZCTA5 33855,$-,$**,$-,$**,$-,$**
8600000US33945,33945,ZCTA5 33945,$-,$**,$-,$**,$-,$**
8600000US34101,34101,ZCTA5 34101,$-,$**,$-,$**,$-,$**
8600000US34137,34137,ZCTA5 34137,,,$-,$**,,
8600000US34141,34141,ZCTA5 34141,,,,,$-,$**
8600000US34268,34268,ZCTA5 34268,,,$-,$**,$-,$**
8600000US34445,34445,ZCTA5 34445,$-,$**,$-,$**,$-,$**
8600000US35013,35013,ZCTA5 35013,,,,,$-,$**
8600000US35074,35074,ZCTA5 35074,$-,$**,$-,$**,$-,$**
8600000US35082,35082,ZCTA5 35082,$-,$**,$-,$**,$-,$**
8600000US35119,35119,ZCTA5 35119,$-,$**,$-,$**,$-,$**
8600000US35187,35187,ZCTA5 35187,$-,$**,$-,$**,$-,$**
8600000US35457,35457,ZCTA5 35457,$-,$**,$-,$**,$-,$**
8600000US35559,35559,ZCTA5 35559,,,$-,$**,$-,$**
8600000US35615,35615,ZCTA5 35615,,,$-,$**,$-,$**
8600000US36267,36267,ZCTA5 36267,,,,,$-,$**
8600000US36470,36470,ZCTA5 36470,,,,,$-,$**
8600000US36512,36512,ZCTA5 36512,$-,$**,$-,$**,$-,$**
8600000US36564,36564,ZCTA5 36564,$-,$**,$-,$**,$-,$**
8600000US36568,36568,ZCTA5 36568,,,$-,$**,,
8600000US36581,36581,ZCTA5 36581,,,$-,$**,,
8600000US36590,36590,ZCTA5 36590,$-,$**,$-,$**,$-,$**
8600000US36615,36615,ZCTA5 36615,$-,$**,$-,$**,$-,$**
8600000US36616,36616,ZCTA5 36616,$-,$**,$-,$**,$-,$**
8600000US36723,36723,ZCTA5 36723,,,$-,$**,,
8600000US36753,36753,ZCTA5 36753,,,$-,$**,$-,$**
8600000US36766,36766,ZCTA5 36766,,,$-,$**,,
8600000US36859,36859,ZCTA5 36859,,,$-,$**,$-,$**
8600000US36910,36910,ZCTA5 36910,,,$-,$**,$-,$**
8600000US36913,36913,ZCTA5 36913,,,$-,$**,,
8600000US37243,37243,ZCTA5 37243,$-,$**,$-,$**,$-,$**
8600000US37246,37246,ZCTA5 37246,$-,$**,$-,$**,$-,$**
8600000US37719,37719,ZCTA5 37719,,,$-,$**,,
8600000US37730,37730,ZCTA5 37730,,,,,$-,$**
8600000US37733,37733,ZCTA5 37733,,,,,$-,$**
8600000US37851,37851,ZCTA5 37851,,,$-,$**,,
8600000US38021,38021,ZCTA5 38021,,,$-,$**,$-,$**
8600000US38029,38029,ZCTA5 38029,$-,$**,$-,$**,$-,$**
8600000US38077,38077,ZCTA5 38077,,,$-,$**,,
8600000US38131,38131,ZCTA5 38131,$-,$**,$-,$**,$-,$**
8600000US38132,38132,ZCTA5 38132,$-,$**,$-,$**,$-,$**
8600000US38365,38365,ZCTA5 38365,,,,,$-,$**
8600000US38542,38542,ZCTA5 38542,$-,$**,$-,$**,$-,$**
8600000US38702,38702,ZCTA5 38702,$-,$**,$-,$**,$-,$**
8600000US38704,38704,ZCTA5 38704,$-,$**,$-,$**,$-,$**
8600000US38723,38723,ZCTA5 38723,$-,$**,$-,$**,$-,$**
8600000US38749,38749,ZCTA5 38749,,,,,$-,$**
8600000US38765,38765,ZCTA5 38765,,,,,$-,$**
8600000US38767,38767,ZCTA5 38767,,,$-,$**,$-,$**
8600000US38768,38768,ZCTA5 38768,,,,,$-,$**
8600000US38945,38945,ZCTA5 38945,,,$-,$**,,
8600000US38958,38958,ZCTA5 38958,$-,$**,$-,$**,$-,$**
8600000US39061,39061,ZCTA5 39061,$-,$**,$-,$**,$-,$**
8600000US39115,39115,ZCTA5 39115,,,$-,$**,$-,$**
8600000US39167,39167,ZCTA5 39167,$-,$**,$-,$**,$-,$**
8600000US39269,39269,ZCTA5 39269,$-,$**,$-,$**,$-,$**
8600000US39760,39760,ZCTA5 39760,$-,$**,$-,$**,$-,$**
8600000US40048,40048,ZCTA5 40048,,,$-,$**,,
8600000US40063,40063,ZCTA5 40063,,,,,$-,$**
8600000US40110,40110,ZCTA5 40110,$-,$**,$-,$**,$-,$**
8600000US40231,40231,ZCTA5 40231,$-,$**,$-,$**,$-,$**
8600000US40339,40339,ZCTA5 40339,$-,$**,$-,$**,$-,$**
8600000US40363,40363,ZCTA5 40363,$-,$**,$-,$**,$-,$**
8600000US40376,40376,ZCTA5 40376,$-,$**,$-,$**,$-,$**
8600000US40434,40434,ZCTA5 40434,,,$-,$**,$-,$**
8600000US40448,40448,ZCTA5 40448,,,$-,$**,$-,$**
8600000US40604,40604,ZCTA5 40604,,,,,$-,$**
8600000US40816,40816,ZCTA5 40816,$-,$**,$-,$**,$-,$**
8600000US40844,40844,ZCTA5 40844,,,$-,$**,,
8600000US40964,40964,ZCTA5 40964,$-,$**,$-,$**,$-,$**
8600000US41062,41062,ZCTA5 41062,,,$-,$**,,
8600000US41366,41366,ZCTA5 41366,$-,$**,$-,$**,$-,$**
8600000US41390,41390,ZCTA5 41390,$-,$**,$-,$**,$-,$**
8600000US41397,41397,ZCTA5 41397,$-,$**,$-,$**,$-,$**
8600000US41713,41713,ZCTA5 41713,$-,$**,$-,$**,$-,$**
8600000US41729,41729,ZCTA5 41729,,,$-,$**,,
8600000US41760,41760,ZCTA5 41760,$-,$**,$-,$**,$-,$**
8600000US41775,41775,ZCTA5 41775,,,,,$-,$**
8600000US41848,41848,ZCTA5 41848,$-,$**,$-,$**,$-,$**
8600000US41849,41849,ZCTA5 41849,$-,$**,$-,$**,$-,$**
8600000US42060,42060,ZCTA5 42060,,,$-,$**,,
8600000US42061,42061,ZCTA5 42061,,,$-,$**,,
8600000US42102,42102,ZCTA5 42102,,,$-,$**,$-,$**
8600000US42124,42124,ZCTA5 42124,$-,$**,$-,$**,$-,$**
8600000US42163,42163,ZCTA5 42163,,,$-,$**,,
8600000US42322,42322,ZCTA5 42322,$-,$**,$-,$**,$-,$**
8600000US42338,42338,ZCTA5 42338,,,$-,$**,$-,$**
8600000US42356,42356,ZCTA5 42356,,,$-,$**,,
8600000US42370,42370,ZCTA5 42370,$-,$**,$-,$**,$-,$**
8600000US42603,42603,ZCTA5 42603,$-,$**,$-,$**,$-,$**
8600000US42631,42631,ZCTA5 42631,$-,$**,$-,$**,$-,$**
8600000US42638,42638,ZCTA5 42638,,,,,$-,$**
8600000US42731,42731,ZCTA5 42731,,,$-,$**,,
8600000US42758,42758,ZCTA5 42758,,,$-,$**,,
8600000US43030,43030,ZCTA5 43030,$-,$**,$-,$**,$-,$**
8600000US43032,43032,ZCTA5 43032,,,,,$-,$**
8600000US43336,43336,ZCTA5 43336,$-,$**,$-,$**,$-,$**
8600000US43433,43433,ZCTA5 43433,,,$-,$**,$-,$**
8600000US43463,43463,ZCTA5 43463,$-,$**,$-,$**,$-,$**
8600000US43523,43523,ZCTA5 43523,$-,$**,$-,$**,$-,$**
8600000US43711,43711,ZCTA5 43711,,,,,$-,$**
8600000US43721,43721,ZCTA5 43721,$-,$**,$-,$**,$-,$**
8600000US43733,43733,ZCTA5 43733,$-,$**,$-,$**,$-,$**
8600000US43761,43761,ZCTA5 43761,$-,$**,$-,$**,$-,$**
8600000US43805,43805,ZCTA5 43805,$-,$**,$-,$**,$-,$**
8600000US43902,43902,ZCTA5 43902,$-,$**,$-,$**,$-,$**
8600000US43928,43928,ZCTA5 43928,$-,$**,$-,$**,$-,$**
8600000US43967,43967,ZCTA5 43967,$-,$**,$-,$**,$-,$**
8600000US43970,43970,ZCTA5 43970,,,$-,$**,,
8600000US44080,44080,ZCTA5 44080,,,,,$-,$**
8600000US44101,44101,ZCTA5 44101,,,$-,$**,,
8600000US44265,44265,ZCTA5 44265,$-,$**,$-,$**,$-,$**
8600000US44285,44285,ZCTA5 44285,,,,,$-,$**
8600000US44493,44493,ZCTA5 44493,$-,$**,$-,$**,$-,$**
8600000US44652,44652,ZCTA5 44652,$-,$**,$-,$**,$-,$**
8600000US44816,44816,ZCTA5 44816,$-,$**,$-,$**,$-,$**
8600000US44850,44850,ZCTA5 44850,,,$-,$**,$-,$**
8600000US44881,44881,ZCTA5 44881,$-,$**,$-,$**,$-,$**
8600000US44901,44901,ZCTA5 44901,,,,,$-,$**
8600000US45051,45051,ZCTA5 45051,,,$-,$**,,
8600000US45115,45115,ZCTA5 45115,,,,,$-,$**
8600000US45145,45145,ZCTA5 45145,$-,$**,$-,$**,$-,$**
8600000US45147,45147,ZCTA5 45147,,,$-,$**,,
8600000US45301,45301,ZCTA5 45301,,,$-,$**,$-,$**
8600000US45428,45428,ZCTA5 45428,,,,,$-,$**
8600000US45624,45624,ZCTA5 45624,$-,$**,$-,$**,$-,$**
8600000US45642,45642,ZCTA5 45642,$-,$**,$-,$**,$-,$**
8600000US45721,45721,ZCTA5 45721,,,$-,$**,$-,$**
8600000US45787,45787,ZCTA5 45787,,,$-,$**,$-,$**
8600000US45789,45789,ZCTA5 45789,,,$-,$**,$-,$**
8600000US45897,45897,ZCTA5 45897,,,$-,$**,$-,$**
8600000US46047,46047,ZCTA5 46047,,,$-,$**,$-,$**
8600000US46125,46125,ZCTA5 46125,,,,,$-,$**
8600000US46704,46704,ZCTA5 46704,,,$-,$**,,
8600000US46771,46771,ZCTA5 46771,$-,$**,$-,$**,$-,$**
8600000US46786,46786,ZCTA5 46786,,,$-,$**,,
8600000US46922,46922,ZCTA5 46922,,,$-,$**,$-,$**
8600000US47104,47104,ZCTA5 47104,,,$-,$**,$-,$**
8600000US47367,47367,ZCTA5 47367,$-,$**,$-,$**,$-,$**
8600000US47434,47434,ZCTA5 47434,$-,$**,$-,$**,$-,$**
8600000US47437,47437,ZCTA5 47437,,,$-,$**,$-,$**
8600000US47455,47455,ZCTA5 47455,$-,$**,$-,$**,$-,$**
8600000US47458,47458,ZCTA5 47458,$-,$**,$-,$**,$-,$**
8600000US47467,47467,ZCTA5 47467,,,,,$-,$**
8600000US47536,47536,ZCTA5 47536,$-,$**,$-,$**,$-,$**
8600000US47596,47596,ZCTA5 47596,,,$-,$**,,
8600000US47836,47836,ZCTA5 47836,,,$-,$**,$-,$**
8600000US47869,47869,ZCTA5 47869,,,$-,$**,$-,$**
8600000US47876,47876,ZCTA5 47876,,,$-,$**,,
8600000US47880,47880,ZCTA5 47880,,,$-,$**,$-,$**
8600000US47907,47907,ZCTA5 47907,$-,$**,$-,$**,$-,$**
8600000US48143,48143,ZCTA5 48143,$-,$**,$-,$**,$-,$**
8600000US48190,48190,ZCTA5 48190,,,$-,$**,,
8600000US48233,48233,ZCTA5 48233,$-,$**,$-,$**,$-,$**
8600000US48242,48242,ZCTA5 48242,$-,$**,$-,$**,$-,$**
8600000US48243,48243,ZCTA5 48243,$-,$**,$-,$**,$-,$**
8600000US48397,48397,ZCTA5 48397,$-,$**,$-,$**,$-,$**
8600000US48551,48551,ZCTA5 48551,$-,$**,$-,$**,$-,$**
8600000US48553,48553,ZCTA5 48553,$-,$**,$-,$**,$-,$**
8600000US48554,48554,ZCTA5 48554,$-,$**,$-,$**,$-,$**
8600000US48630,48630,ZCTA5 48630,,,$-,$**,$-,$**
8600000US48667,48667,ZCTA5 48667,$-,$**,$-,$**,$-,$**
8600000US48710,48710,ZCTA5 48710,$-,$**,$-,$**,$-,$**
8600000US48921,48921,ZCTA5 48921,$-,$**,$-,$**,$-,$**
8600000US49084,49084,ZCTA5 49084,,,$-,$**,,
8600000US49263,49263,ZCTA5 49263,,,$-,$**,$-,$**
8600000US49434,49434,ZCTA5 49434,$-,$**,$-,$**,$-,$**
8600000US49666,49666,ZCTA5 49666,$-,$**,$-,$**,$-,$**
8600000US50032,50032,ZCTA5 50032,,,$-,$**,,
8600000US50127,50127,ZCTA5 50127,$-,$**,$-,$**,$-,$**
8600000US50319,50319,ZCTA5 50319,$-,$**,$-,$**,$-,$**
8600000US50664,50664,ZCTA5 50664,,,$-,$**,,
8600000US52557,52557,ZCTA5 52557,,,,,$-,$**
8600000US52588,52588,ZCTA5 52588,,,$-,$**,,
8600000US53031,53031,ZCTA5 53031,$-,$**,$-,$**,$-,$**
8600000US53192,53192,ZCTA5 53192,,,$-,$**,$-,$**
8600000US53501,53501,ZCTA5 53501,,,,,$-,$**
8600000US53702,53702,ZCTA5 53702,,,$-,$**,$-,$**
8600000US53792,53792,ZCTA5 53792,$-,$**,$-,$**,$-,$**
8600000US54307,54307,ZCTA5 54307,,,,,$-,$**
8600000US54561,54561,ZCTA5 54561,,,,,$-,$**
8600000US54641,54641,ZCTA5 54641,$-,$**,$-,$**,$-,$**
8600000US54643,54643,ZCTA5 54643,$-,$**,$-,$**,$-,$**
8600000US54857,54857,ZCTA5 54857,,,,,$-,$**
8600000US55029,55029,ZCTA5 55029,,,,,$-,$**
8600000US55111,55111,ZCTA5 55111,$-,$**,$-,$**,$-,$**
8600000US55155,55155,ZCTA5 55155,$-,$**,$-,$**,$-,$**
8600000US55450,55450,ZCTA5 55450,$-,$**,$-,$**,$-,$**
8600000US55814,55814,ZCTA5 55814,,,,,$-,$**
8600000US55905,55905,ZCTA5 55905,$-,$**,$-,$**,$-,$**
8600000US56210,56210,ZCTA5 56210,,,$-,$**,,
8600000US56541,56541,ZCTA5 56541,,,,,$-,$**
8600000US56577,56577,ZCTA5 56577,$-,$**,$-,$**,$-,$**
8600000US56593,56593,ZCTA5 56593,$-,$**,$-,$**,$-,$**
8600000US56658,56658,ZCTA5 56658,$-,$**,$-,$**,$-,$**
8600000US56711,56711,ZCTA5 56711,$-,$**,$-,$**,$-,$**
8600000US56720,56720,ZCTA5 56720,,,,,$-,$**
8600000US56741,56741,ZCTA5 56741,$-,$**,$-,$**,$-,$**
8600000US57117,57117,ZCTA5 57117,,,,,$-,$**
8600000US57364,57364,ZCTA5 57364,,,$-,$**,$-,$**
8600000US57439,57439,ZCTA5 57439,$-,$**,$-,$**,$-,$**
8600000US57776,57776,ZCTA5 57776,$-,$**,$-,$**,$-,$**
8600000US58009,58009,ZCTA5 58009,,,$-,$**,$-,$**
8600000US58362,58362,ZCTA5 58362,,,$-,$**,$-,$**
8600000US58452,58452,ZCTA5 58452,,,$-,$**,$-,$**
8600000US58505,58505,ZCTA5 58505,$-,$**,$-,$**,$-,$**
8600000US58702,58702,ZCTA5 58702,$-,$**,$-,$**,$-,$**
8600000US59062,59062,ZCTA5 59062,,,$-,$**,,
8600000US59081,59081,ZCTA5 59081,,,$-,$**,$-,$**
8600000US59256,59256,ZCTA5 59256,,,,,$-,$**
8600000US59257,59257,ZCTA5 59257,,,,,$-,$**
8600000US59276,59276,ZCTA5 59276,,,,,$-,$**
8600000US59354,59354,ZCTA5 59354,,,,,$-,$**
8600000US59636,59636,ZCTA5 59636,,,,,$-,$**
8600000US59830,59830,ZCTA5 59830,,,$-,$**,,
8600000US59842,59842,ZCTA5 59842,,,$-,$**,,
8600000US59863,59863,ZCTA5 59863,,,,,$-,$**
8600000US59867,59867,ZCTA5 59867,,,,,$-,$**
8600000US60141,60141,ZCTA5 60141,,,,,$-,$**
8600000US60519,60519,ZCTA5 60519,,,$-,$**,,
8600000US60557,60557,ZCTA5 60557,$-,$**,$-,$**,$-,$**
8600000US60926,60926,ZCTA5 60926,,,$-,$**,,
8600000US61027,61027,ZCTA5 61027,$-,$**,$-,$**,$-,$**
8600000US61077,61077,ZCTA5 61077,$-,$**,$-,$**,$-,$**
8600000US61112,61112,ZCTA5 61112,,,$-,$**,,
8600000US61328,61328,ZCTA5 61328,$-,$**,$-,$**,$-,$**
8600000US61331,61331,ZCTA5 61331,$-,$**,$-,$**,$-,$**
8600000US61433,61433,ZCTA5 61433,,,$-,$**,$-,$**
8600000US61435,61435,ZCTA5 61435,,,$-,$**,,
8600000US61562,61562,ZCTA5 61562,$-,$**,$-,$**,$-,$**
8600000US61941,61941,ZCTA5 61941,,,$-,$**,,
8600000US62070,62070,ZCTA5 62070,,,$-,$**,$-,$**
8600000US62098,62098,ZCTA5 62098,,,$-,$**,,
8600000US62279,62279,ZCTA5 62279,,,$-,$**,,
8600000US62519,62519,ZCTA5 62519,,,$-,$**,,
8600000US62829,62829,ZCTA5 62829,,,$-,$**,$-,$**
8600000US63045,63045,ZCTA5 63045,$-,$**,$-,$**,$-,$**
8600000US63047,63047,ZCTA5 63047,,,,,$-,$**
8600000US63057,63057,ZCTA5 63057,,,,,$-,$**
8600000US63079,63079,ZCTA5 63079,$-,$**,$-,$**,$-,$**
8600000US63155,63155,ZCTA5 63155,$-,$**,$-,$**,$-,$**
8600000US63370,63370,ZCTA5 63370,,,$-,$**,$-,$**
8600000US63433,63433,ZCTA5 63433,,,,,$-,$**
8600000US63450,63450,ZCTA5 63450,,,$-,$**,,
8600000US63464,63464,ZCTA5 63464,$-,$**,$-,$**,$-,$**
8600000US63467,63467,ZCTA5 63467,$-,$**,$-,$**,$-,$**
8600000US63674,63674,ZCTA5 63674,,,$-,$**,,
8600000US63738,63738,ZCTA5 63738,,,,,$-,$**
8600000US63750,63750,ZCTA5 63750,$-,$**,$-,$**,$-,$**
8600000US63880,63880,ZCTA5 63880,,,$-,$**,$-,$**
8600000US63902,63902,ZCTA5 63902,$-,$**,$-,$**,$-,$**
8600000US63934,63934,ZCTA5 63934,,,,,$-,$**
8600000US63962,63962,ZCTA5 63962,$-,$**,$-,$**,$-,$**
8600000US64092,64092,ZCTA5 64092,$-,$**,$-,$**,$-,$**
8600000US64101,64101,ZCTA5 64101,,,,,$-,$**
8600000US64102,64102,ZCTA5 64102,$-,$**,$-,$**,$-,$**
8600000US64192,64192,ZCTA5 64192,$-,$**,$-,$**,$-,$**
8600000US64858,64858,ZCTA5 64858,$-,$**,$-,$**,$-,$**
8600000US65062,65062,ZCTA5 65062,,,,,$-,$**
8600000US65443,65443,ZCTA5 65443,,,$-,$**,,
8600000US65557,65557,ZCTA5 65557,,,,,$-,$**
8600000US65586,65586,ZCTA5 65586,$-,$**,$-,$**,$-,$**
8600000US65728,65728,ZCTA5 65728,,,$-,$**,$-,$**
8600000US65730,65730,ZCTA5 65730,,,$-,$**,,
8600000US65784,65784,ZCTA5 65784,,,$-,$**,$-,$**
8600000US66115,66115,ZCTA5 66115,$-,$**,$-,$**,$-,$**
8600000US66118,66118,ZCTA5 66118,$-,$**,$-,$**,$-,$**
8600000US66622,66622,ZCTA5 66622,,,,,$-,$**
8600000US66728,66728,ZCTA5 66728,$-,$**,$-,$**,$-,$**
8600000US66760,66760,ZCTA5 66760,$-,$**,$-,$**,$-,$**
8600000US66778,66778,ZCTA5 66778,$-,$**,$-,$**,$-,$**
8600000US67012,67012,ZCTA5 67012,$-,$**,$-,$**,$-,$**
8600000US67260,67260,ZCTA5 67260,$-,$**,$-,$**,$-,$**
8600000US67656,67656,ZCTA5 67656,,,$-,$**,$-,$**
8600000US68514,68514,ZCTA5 68514,,,,,$-,$**
8600000US68531,68531,ZCTA5 68531,,,,,$-,$**
8600000US68954,68954,ZCTA5 68954,,,$-,$**,,
8600000US69171,69171,ZCTA5 69171,$-,$**,$-,$**,$-,$**
8600000US69331,69331,ZCTA5 69331,,,$-,$**,,
8600000US69365,69365,ZCTA5 69365,,,$-,$**,,
8600000US70050,70050,ZCTA5 70050,,,,,$-,$**
8600000US70076,70076,ZCTA5 70076,,,,,$-,$**
8600000US70139,70139,ZCTA5 70139,$-,$**,$-,$**,$-,$**
8600000US70163,70163,ZCTA5 70163,$-,$**,$-,$**,$-,$**
8600000US70340,70340,ZCTA5 70340,,,$-,$**,,
8600000US70442,70442,ZCTA5 70442,,,,,$-,$**
8600000US70451,70451,ZCTA5 70451,$-,$**,$-,$**,$-,$**
8600000US70519,70519,ZCTA5 70519,,,,,$-,$**
8600000US70550,70550,ZCTA5 70550,$-,$**,$-,$**,$-,$**
8600000US70558,70558,ZCTA5 70558,$-,$**,$-,$**,$-,$**
8600000US70580,70580,ZCTA5 70580,,,$-,$**,$-,$**
8600000US70787,70787,ZCTA5 70787,$-,$**,$-,$**,$-,$**
8600000US70801,70801,ZCTA5 70801,$-,$**,$-,$**,$-,$**
8600000US70836,70836,ZCTA5 70836,$-,$**,$-,$**,$-,$**
8600000US71279,71279,ZCTA5 71279,,,$-,$**,$-,$**
8600000US71316,71316,ZCTA5 71316,,,,,$-,$**
8600000US71339,71339,ZCTA5 71339,,,,,$-,$**
8600000US71345,71345,ZCTA5 71345,$-,$**,$-,$**,$-,$**
8600000US71377,71377,ZCTA5 71377,,,,,$-,$**
8600000US71455,71455,ZCTA5 71455,,,$-,$**,,
8600000US71651,71651,ZCTA5 71651,,,$-,$**,,
8600000US71666,71666,ZCTA5 71666,$-,$**,$-,$**,$-,$**
8600000US71711,71711,ZCTA5 71711,,,$-,$**,,
8600000US71998,71998,ZCTA5 71998,,,,,$-,$**
8600000US72037,72037,ZCTA5 72037,,,$-,$**,$-,$**
8600000US72059,72059,ZCTA5 72059,$-,$**,$-,$**,$-,$**
8600000US72108,72108,ZCTA5 72108,,,,,$-,$**
8600000US72119,72119,ZCTA5 72119,$-,$**,$-,$**,$-,$**
8600000US72149,72149,ZCTA5 72149,$-,$**,$-,$**,$-,$**
8600000US72165,72165,ZCTA5 72165,$-,$**,$-,$**,$-,$**
8600000US72181,72181,ZCTA5 72181,,,$-,$**,$-,$**
8600000US72325,72325,ZCTA5 72325,,,,,$-,$**
8600000US72328,72328,ZCTA5 72328,$-,$**,$-,$**,$-,$**
8600000US72338,72338,ZCTA5 72338,$-,$**,$-,$**,$-,$**
8600000US72353,72353,ZCTA5 72353,$-,$**,$-,$**,$-,$**
8600000US72377,72377,ZCTA5 72377,$-,$**,$-,$**,$-,$**
8600000US72379,72379,ZCTA5 72379,,,,,$-,$**
8600000US72383,72383,ZCTA5 72383,$-,$**,$-,$**,$-,$**
8600000US72467,72467,ZCTA5 72467,,,,,$-,$**
8600000US72515,72515,ZCTA5 72515,$-,$**,$-,$**,$-,$**
8600000US72528,72528,ZCTA5 72528,,,,,$-,$**
8600000US72679,72679,ZCTA5 72679,,,$-,$**,$-,$**
8600000US72686,72686,ZCTA5 72686,,,$-,$**,$-,$**
8600000US72828,72828,ZCTA5 72828,,,,,$-,$**
8600000US73019,73019,ZCTA5 73019,$-,$**,$-,$**,$-,$**
8600000US73097,73097,ZCTA5 73097,,,$-,$**,,
8600000US73425,73425,ZCTA5 73425,,,,,$-,$**
8600000US73746,73746,ZCTA5 73746,,,$-,$**,$-,$**
8600000US74360,74360,ZCTA5 74360,,,,,$-,$**
8600000US74477,74477,ZCTA5 74477,$-,$**,$-,$**,$-,$**
8600000US74753,74753,ZCTA5 74753,,,$-,$**,$-,$**
8600000US75270,75270,ZCTA5 75270,$-,$**,$-,$**,$-,$**
8600000US75390,75390,ZCTA5 75390,$-,$**,$-,$**,$-,$**
8600000US75562,75562,ZCTA5 75562,$-,$**,$-,$**,$-,$**
8600000US75642,75642,ZCTA5 75642,,,$-,$**,$-,$**
8600000US75788,75788,ZCTA5 75788,,,$-,$**,$-,$**
8600000US75832,75832,ZCTA5 75832,,,$-,$**,$-,$**
8600000US75858,75858,ZCTA5 75858,$-,$**,$-,$**,$-,$**
8600000US76061,76061,ZCTA5 76061,$-,$**,$-,$**,$-,$**
8600000US76466,76466,ZCTA5 76466,,,,,$-,$**
8600000US76481,76481,ZCTA5 76481,,,$-,$**,$-,$**
8600000US76490,76490,ZCTA5 76490,,,,,$-,$**
8600000US76508,76508,ZCTA5 76508,$-,$**,$-,$**,$-,$**
8600000US76523,76523,ZCTA5 76523,$-,$**,$-,$**,$-,$**
8600000US76565,76565,ZCTA5 76565,,,$-,$**,$-,$**
8600000US76573,76573,ZCTA5 76573,,,$-,$**,$-,$**
8600000US76596,76596,ZCTA5 76596,,,$-,$**,,
8600000US76597,76597,ZCTA5 76597,,,,,$-,$**
8600000US76598,76598,ZCTA5 76598,,,$-,$**,,
8600000US76599,76599,ZCTA5 76599,,,$-,$**,,
8600000US76685,76685,ZCTA5 76685,$-,$**,$-,$**,$-,$**
8600000US76824,76824,ZCTA5 76824,$-,$**,$-,$**,$-,$**
8600000US76831,76831,ZCTA5 76831,,,$-,$**,,
8600000US76836,76836,ZCTA5 76836,$-,$**,$-,$**,$-,$**
8600000US76841,76841,ZCTA5 76841,,,$-,$**,$-,$**
8600000US76874,76874,ZCTA5 76874,,,,,$-,$**
8600000US76937,76937,ZCTA5 76937,,,$-,$**,$-,$**
8600000US76939,76939,ZCTA5 76939,,,,,$-,$**
8600000US76957,76957,ZCTA5 76957,$-,$**,$-,$**,$-,$**
8600000US77201,77201,ZCTA5 77201,$-,$**,$-,$**,$-,$**
8600000US77326,77326,ZCTA5 77326,$-,$**,$-,$**,$-,$**
8600000US77342,77342,ZCTA5 77342,$-,$**,$-,$**,$-,$**
8600000US77428,77428,ZCTA5 77428,$-,$**,$-,$**,$-,$**
8600000US77432,77432,ZCTA5 77432,,,$-,$**,$-,$**
8600000US77436,77436,ZCTA5 77436,,,$-,$**,$-,$**
8600000US77440,77440,ZCTA5 77440,$-,$**,$-,$**,$-,$**
8600000US77443,77443,ZCTA5 77443,,,,,$-,$**
8600000US77448,77448,ZCTA5 77448,,,,,$-,$**
8600000US77454,77454,ZCTA5 77454,,,,,$-,$**
8600000US77460,77460,ZCTA5 77460,,,,,$-,$**
8600000US77467,77467,ZCTA5 77467,,,$-,$**,,
8600000US77468,77468,ZCTA5 77468,,,$-,$**,$-,$**
8600000US77481,77481,ZCTA5 77481,,,$-,$**,$-,$**
8600000US77507,77507,ZCTA5 77507,$-,$**,$-,$**,$-,$**
8600000US77855,77855,ZCTA5 77855,$-,$**,$-,$**,$-,$**
8600000US77960,77960,ZCTA5 77960,$-,$**,$-,$**,$-,$**
8600000US77961,77961,ZCTA5 77961,,,$-,$**,,
8600000US77973,77973,ZCTA5 77973,,,$-,$**,$-,$**
8600000US78001,78001,ZCTA5 78001,$-,$**,$-,$**,$-,$**
8600000US78021,78021,ZCTA5 78021,,,,,$-,$**
8600000US78029,78029,ZCTA5 78029,$-,$**,$-,$**,$-,$**
8600000US78060,78060,ZCTA5 78060,$-,$**,$-,$**,$-,$**
8600000US78144,78144,ZCTA5 78144,,,,,$-,$**
8600000US78150,78150,ZCTA5 78150,$-,$**,$-,$**,$-,$**
8600000US78335,78335,ZCTA5 78335,$-,$**,$-,$**,$-,$**
8600000US78565,78565,ZCTA5 78565,,,,,$-,$**
8600000US78635,78635,ZCTA5 78635,,,$-,$**,$-,$**
8600000US78871,78871,ZCTA5 78871,$-,$**,$-,$**,$-,$**
8600000US78943,78943,ZCTA5 78943,,,$-,$**,,
8600000US78951,78951,ZCTA5 78951,$-,$**,$-,$**,$-,$**
8600000US79016,79016,ZCTA5 79016,,,$-,$**,,
8600000US79025,79025,ZCTA5 79025,,,$-,$**,$-,$**
8600000US79051,79051,ZCTA5 79051,$-,$**,$-,$**,$-,$**
8600000US79058,79058,ZCTA5 79058,$-,$**,$-,$**,$-,$**
8600000US79093,79093,ZCTA5 79093,,,$-,$**,$-,$**
8600000US79105,79105,ZCTA5 79105,$-,$**,$-,$**,$-,$**
8600000US79231,79231,ZCTA5 79231,,,$-,$**,$-,$**
8600000US79240,79240,ZCTA5 79240,$-,$**,$-,$**,$-,$**
8600000US79759,79759,ZCTA5 79759,$-,$**,$-,$**,$-,$**
8600000US79770,79770,ZCTA5 79770,,,$-,$**,$-,$**
8600000US79831,79831,ZCTA5 79831,,,$-,$**,$-,$**
8600000US79846,79846,ZCTA5 79846,,,$1-,$***,,
8600000US79920,79920,ZCTA5 79920,,,,,$-,$**
8600000US79942,79942,ZCTA5 79942,$-,$**,$-,$**,$-,$**
8600000US80264,80264,ZCTA5 80264,$-,$**,$-,$**,$-,$**
8600000US80290,80290,ZCTA5 80290,$-,$**,$-,$**,$-,$**
8600000US80293,80293,ZCTA5 80293,$-,$**,$-,$**,$-,$**
8600000US80294,80294,ZCTA5 80294,$-,$**,$-,$**,$-,$**
8600000US80419,80419,ZCTA5 80419,$-,$**,$-,$**,$-,$**
8600000US80434,80434,ZCTA5 80434,,,,,$-,$**
8600000US80471,80471,ZCTA5 80471,$-,$**,$-,$**,$-,$**
8600000US80473,80473,ZCTA5 80473,$-,$**,$-,$**,$-,$**
8600000US80475,80475,ZCTA5 80475,$-,$**,$-,$**,$-,$**
8600000US80479,80479,ZCTA5 80479,$-,$**,$-,$**,$-,$**
8600000US80488,80488,ZCTA5 80488,,,,,$-,$**
8600000US80511,80511,ZCTA5 80511,,,,,$-,$**
8600000US80532,80532,ZCTA5 80532,,,$-,$**,,
8600000US80544,80544,ZCTA5 80544,$-,$**,$-,$**,$-,$**
8600000US80938,80938,ZCTA5 80938,,,$-,$**,,
8600000US80939,80939,ZCTA5 80939,$-,$**,$-,$**,$-,$**
8600000US81021,81021,ZCTA5 81021,,,$-,$**,$-,$**
8600000US81038,81038,ZCTA5 81038,$-,$**,$-,$**,$-,$**
8600000US81227,81227,ZCTA5 81227,$-,$**,$-,$**,$-,$**
8600000US81232,81232,ZCTA5 81232,$-,$**,$-,$**,$-,$**
8600000US81239,81239,ZCTA5 81239,$-,$**,$-,$**,$-,$**
8600000US81248,81248,ZCTA5 81248,,,$-,$**,,
8600000US81330,81330,ZCTA5 81330,,,$-,$**,,
8600000US81335,81335,ZCTA5 81335,,,$-,$**,$-,$**
8600000US81411,81411,ZCTA5 81411,,,$-,$**,$-,$**
8600000US81522,81522,ZCTA5 81522,$-,$**,$-,$**,$-,$**
8600000US81612,81612,ZCTA5 81612,$-,$**,$-,$**,$-,$**
8600000US81633,81633,ZCTA5 81633,$-,$**,$-,$**,$-,$**
8600000US81642,81642,ZCTA5 81642,,,$-,$**,$-,$**
8600000US81653,81653,ZCTA5 81653,,,,,$-,$**
8600000US82052,82052,ZCTA5 82052,$-,$**,$-,$**,$-,$**
8600000US82061,82061,ZCTA5 82061,$-,$**,$-,$**,$-,$**
8600000US82081,82081,ZCTA5 82081,,,,,$-,$**
8600000US82084,82084,ZCTA5 82084,$-,$**,$-,$**,$-,$**
8600000US82217,82217,ZCTA5 82217,$-,$**,$-,$**,$-,$**
8600000US82219,82219,ZCTA5 82219,$-,$**,$-,$**,$-,$**
8600000US82224,82224,ZCTA5 82224,,,$-,$**,$-,$**
8600000US82229,82229,ZCTA5 82229,$-,$**,$-,$**,$-,$**
8600000US82422,82422,ZCTA5 82422,,,$-,$**,,
8600000US82450,82450,ZCTA5 82450,,,$-,$**,$-,$**
8600000US82630,82630,ZCTA5 82630,,,,,$-,$**
8600000US82638,82638,ZCTA5 82638,$-,$**,$-,$**,$-,$**
8600000US82640,82640,ZCTA5 82640,,,$-,$**,$-,$**
8600000US82646,82646,ZCTA5 82646,$-,$**,$-,$**,$-,$**
8600000US82648,82648,ZCTA5 82648,$-,$**,$-,$**,$-,$**
8600000US82715,82715,ZCTA5 82715,$-,$**,$-,$**,$-,$**
8600000US82731,82731,ZCTA5 82731,$-,$**,$-,$**,$-,$**
8600000US82833,82833,ZCTA5 82833,$-,$**,$-,$**,$-,$**
8600000US82844,82844,ZCTA5 82844,$-,$**,$-,$**,$-,$**
8600000US82845,82845,ZCTA5 82845,$-,$**,$-,$**,$-,$**
8600000US82922,82922,ZCTA5 82922,,,$-,$**,$-,$**
8600000US82925,82925,ZCTA5 82925,,,$-,$**,$-,$**
8600000US82929,82929,ZCTA5 82929,$-,$**,$-,$**,$-,$**
8600000US82936,82936,ZCTA5 82936,$-,$**,$-,$**,$-,$**
8600000US82943,82943,ZCTA5 82943,,,$-,$**,,
8600000US83011,83011,ZCTA5 83011,,,$-,$**,,
8600000US83121,83121,ZCTA5 83121,$-,$**,$-,$**,$-,$**
8600000US83227,83227,ZCTA5 83227,,,,,$-,$**
8600000US83233,83233,ZCTA5 83233,$-,$**,$-,$**,$-,$**
8600000US83235,83235,ZCTA5 83235,,,,,$-,$**
8600000US83322,83322,ZCTA5 83322,,,,,$-,$**
8600000US83337,83337,ZCTA5 83337,,,$-,$**,$-,$**
8600000US83354,83354,ZCTA5 83354,$-,$**,$-,$**,$-,$**
8600000US83424,83424,ZCTA5 83424,,,,,$-,$**
8600000US83433,83433,ZCTA5 83433,,,$-,$**,$-,$**
8600000US83601,83601,ZCTA5 83601,,,,,$-,$**
8600000US83602,83602,ZCTA5 83602,,,$-,$**,$-,$**
8600000US83636,83636,ZCTA5 83636,$-,$**,$-,$**,$-,$**
8600000US83671,83671,ZCTA5 83671,$-,$**,$-,$**,$-,$**
8600000US83826,83826,ZCTA5 83826,$-,$**,$-,$**,$-,$**
8600000US83866,83866,ZCTA5 83866,,,,,$-,$**
8600000US83874,83874,ZCTA5 83874,$-,$**,$-,$**,$-,$**
8600000US84180,84180,ZCTA5 84180,$-,$**,$-,$**,$-,$**
8600000US84304,84304,ZCTA5 84304,$-,$**,$-,$**,$-,$**
8600000US84515,84515,ZCTA5 84515,$-,$**,$-,$**,$-,$**
8600000US84540,84540,ZCTA5 84540,,,$-,$**,,
8600000US84728,84728,ZCTA5 84728,,,$-,$**,$-,$**
8600000US84743,84743,ZCTA5 84743,,,$-,$**,$-,$**
8600000US84753,84753,ZCTA5 84753,,,,,$-,$**
8600000US85341,85341,ZCTA5 85341,$-,$**,$-,$**,$-,$**
8600000US85535,85535,ZCTA5 85535,$-,$**,$-,$**,$-,$**
8600000US85608,85608,ZCTA5 85608,,,,,$-,$**
8600000US85654,85654,ZCTA5 85654,,,$-,$**,$-,$**
8600000US85723,85723,ZCTA5 85723,$-,$**,$-,$**,$-,$**
8600000US85724,85724,ZCTA5 85724,$-,$**,$-,$**,$-,$**
8600000US85726,85726,ZCTA5 85726,$-,$**,$-,$**,$-,$**
8600000US85942,85942,ZCTA5 85942,,,$-,$**,,
8600000US86003,86003,ZCTA5 86003,$-,$**,$-,$**,$-,$**
8600000US86028,86028,ZCTA5 86028,$-,$**,$-,$**,$-,$**
8600000US86038,86038,ZCTA5 86038,$-,$**,$-,$**,$-,$**
8600000US86052,86052,ZCTA5 86052,$-,$**,$-,$**,$-,$**
8600000US86313,86313,ZCTA5 86313,,,,,$-,$**
8600000US86433,86433,ZCTA5 86433,,,$-,$**,$-,$**
8600000US86443,86443,ZCTA5 86443,$-,$**,$-,$**,$-,$**
8600000US87032,87032,ZCTA5 87032,,,$-,$**,,
8600000US87512,87512,ZCTA5 87512,$-,$**,$-,$**,$-,$**
8600000US87524,87524,ZCTA5 87524,,,$-,$**,$-,$**
8600000US87539,87539,ZCTA5 87539,$-,$**,$-,$**,$-,$**
8600000US87554,87554,ZCTA5 87554,$-,$**,$-,$**,$-,$**
8600000US87573,87573,ZCTA5 87573,$-,$**,$-,$**,$-,$**
8600000US87581,87581,ZCTA5 87581,$-,$**,$-,$**,$-,$**
8600000US87583,87583,ZCTA5 87583,,,,,$-,$**
8600000US87724,87724,ZCTA5 87724,$-,$**,$-,$**,$-,$**
8600000US87735,87735,ZCTA5 87735,$-,$**,$-,$**,$-,$**
8600000US87749,87749,ZCTA5 87749,,,,,$-,$**
8600000US87750,87750,ZCTA5 87750,$-,$**,$-,$**,$-,$**
8600000US87820,87820,ZCTA5 87820,,,,,$-,$**
8600000US87824,87824,ZCTA5 87824,,,,,$-,$**
8600000US87933,87933,ZCTA5 87933,$-,$**,$-,$**,$-,$**
8600000US87939,87939,ZCTA5 87939,,,$-,$**,,
8600000US88004,88004,ZCTA5 88004,,,,,$-,$**
8600000US88033,88033,ZCTA5 88033,$-,$**,$-,$**,$-,$**
8600000US88055,88055,ZCTA5 88055,$-,$**,$-,$**,$-,$**
8600000US88114,88114,ZCTA5 88114,,,$-,$**,,
8600000US88254,88254,ZCTA5 88254,$-,$**,$-,$**,$-,$**
8600000US88255,88255,ZCTA5 88255,,,$-,$**,$-,$**
8600000US88262,88262,ZCTA5 88262,$-,$**,$-,$**,$-,$**
8600000US88264,88264,ZCTA5 88264,$-,$**,$-,$**,$-,$**
8600000US88268,88268,ZCTA5 88268,,,,,$-,$**
8600000US88314,88314,ZCTA5 88314,,,,,$-,$**
8600000US88323,88323,ZCTA5 88323,$-,$**,$-,$**,$-,$**
8600000US88343,88343,ZCTA5 88343,,,$-,$**,,
8600000US88344,88344,ZCTA5 88344,$-,$**,$-,$**,$-,$**
8600000US88349,88349,ZCTA5 88349,$-,$**,$-,$**,$-,$**
8600000US88350,88350,ZCTA5 88350,,,,,$-,$**
8600000US88354,88354,ZCTA5 88354,,,$-,$**,$-,$**
8600000US88355,88355,ZCTA5 88355,$-,$**,$-,$**,$-,$**
8600000US88410,88410,ZCTA5 88410,,,$-,$**,,
8600000US88416,88416,ZCTA5 88416,,,$-,$**,$-,$**
8600000US88417,88417,ZCTA5 88417,$-,$**,$-,$**,$-,$**
8600000US88421,88421,ZCTA5 88421,$-,$**,$-,$**,$-,$**
8600000US88431,88431,ZCTA5 88431,,,$-,$**,$-,$**
8600000US89022,89022,ZCTA5 89022,,,,,$-,$**
8600000US89026,89026,ZCTA5 89026,$-,$**,$-,$**,$-,$**
8600000US89054,89054,ZCTA5 89054,,,$-,$**,,
8600000US89161,89161,ZCTA5 89161,,,$-,$**,$-,$**
8600000US89402,89402,ZCTA5 89402,$-,$**,$-,$**,$-,$**
8600000US89404,89404,ZCTA5 89404,,,$-,$**,$-,$**
8600000US89405,89405,ZCTA5 89405,$-,$**,$-,$**,$-,$**
8600000US89420,89420,ZCTA5 89420,$-,$**,$-,$**,$-,$**
8600000US89422,89422,ZCTA5 89422,,,,,$-,$**
8600000US89426,89426,ZCTA5 89426,,,,,$-,$**
8600000US89438,89438,ZCTA5 89438,,,,,$-,$**
8600000US89702,89702,ZCTA5 89702,$-,$**,$-,$**,$-,$**
8600000US89826,89826,ZCTA5 89826,,,$-,$**,$-,$**
8600000US89831,89831,ZCTA5 89831,$-,$**,$-,$**,$-,$**
8600000US90071,90071,ZCTA5 90071,$-,$**,$-,$**,$-,$**
8600000US90079,90079,ZCTA5 90079,$-,$**,$-,$**,$-,$**
8600000US90090,90090,ZCTA5 90090,$-,$**,$-,$**,$-,$**
8600000US90095,90095,ZCTA5 90095,$-,$**,$-,$**,$-,$**
8600000US90506,90506,ZCTA5 90506,$-,$**,$-,$**,$-,$**
8600000US90747,90747,ZCTA5 90747,$-,$**,$-,$**,$-,$**
8600000US90822,90822,ZCTA5 90822,,,,,$-,$**
8600000US90831,90831,ZCTA5 90831,$-,$**,$-,$**,$-,$**
8600000US91046,91046,ZCTA5 91046,,,$-,$**,,
8600000US91371,91371,ZCTA5 91371,$-,$**,$-,$**,$-,$**
8600000US91608,91608,ZCTA5 91608,$-,$**,$-,$**,$-,$**
8600000US91948,91948,ZCTA5 91948,$-,$**,$-,$**,$-,$**
8600000US92132,92132,ZCTA5 92132,$-,$**,$-,$**,$-,$**
8600000US92222,92222,ZCTA5 92222,$-,$**,$-,$**,$-,$**
8600000US92266,92266,ZCTA5 92266,,,,,$-,$**
8600000US92267,92267,ZCTA5 92267,$-,$**,$-,$**,$-,$**
8600000US92280,92280,ZCTA5 92280,$-,$**,$-,$**,$-,$**
8600000US92304,92304,ZCTA5 92304,$-,$**,$-,$**,$-,$**
8600000US92332,92332,ZCTA5 92332,$-,$**,$-,$**,$-,$**
8600000US92338,92338,ZCTA5 92338,$-,$**,$-,$**,$-,$**
8600000US92364,92364,ZCTA5 92364,$-,$**,$-,$**,$-,$**
8600000US92384,92384,ZCTA5 92384,,,,,$-,$**
8600000US93042,93042,ZCTA5 93042,,,,,$-,$**
8600000US93064,93064,ZCTA5 93064,$-,$**,$-,$**,$-,$**
8600000US93208,93208,ZCTA5 93208,,,,,$-,$**
8600000US93262,93262,ZCTA5 93262,,,,,$-,$**
8600000US93410,93410,ZCTA5 93410,$-,$**,$-,$**,$-,$**
8600000US93519,93519,ZCTA5 93519,$-,$**,$-,$**,$-,$**
8600000US93522,93522,ZCTA5 93522,,,$-,$**,,
8600000US93528,93528,ZCTA5 93528,,,$-,$**,,
8600000US93530,93530,ZCTA5 93530,,,$-,$**,,
8600000US93633,93633,ZCTA5 93633,$-,$**,$-,$**,$-,$**
8600000US93943,93943,ZCTA5 93943,$-,$**,$-,$**,$-,$**
8600000US94512,94512,ZCTA5 94512,,,$-,$**,,
8600000US94850,94850,ZCTA5 94850,$-,$**,$-,$**,$-,$**
8600000US94972,94972,ZCTA5 94972,$-,$**,$-,$**,$-,$**
8600000US95226,95226,ZCTA5 95226,$-,$**,$-,$**,$-,$**
8600000US95250,95250,ZCTA5 95250,$-,$**,$-,$**,$-,$**
8600000US95305,95305,ZCTA5 95305,$-,$**,$-,$**,$-,$**
8600000US95314,95314,ZCTA5 95314,$-,$**,$-,$**,$-,$**
8600000US95325,95325,ZCTA5 95325,,,$-,$**,$-,$**
8600000US95364,95364,ZCTA5 95364,$-,$**,$-,$**,$-,$**
8600000US95375,95375,ZCTA5 95375,,,,,$-,$**
8600000US95430,95430,ZCTA5 95430,$-,$**,$-,$**,$-,$**
8600000US95435,95435,ZCTA5 95435,,,$-,$**,$-,$**
8600000US95463,95463,ZCTA5 95463,,,$-,$**,$-,$**
8600000US95486,95486,ZCTA5 95486,,,$-,$**,$-,$**
8600000US95559,95559,ZCTA5 95559,,,$-,$**,,
8600000US95587,95587,ZCTA5 95587,,,$-,$**,,
8600000US95625,95625,ZCTA5 95625,,,,,$-,$**
8600000US95646,95646,ZCTA5 95646,,,,,$-,$**
8600000US95679,95679,ZCTA5 95679,$-,$**,$-,$**,$-,$**
8600000US95721,95721,ZCTA5 95721,$-,$**,$-,$**,$-,$**
8600000US95724,95724,ZCTA5 95724,$-,$**,$-,$**,$-,$**
8600000US95910,95910,ZCTA5 95910,,,$-,$**,$-,$**
8600000US95915,95915,ZCTA5 95915,$-,$**,$-,$**,$-,$**
8600000US95923,95923,ZCTA5 95923,$-,$**,$-,$**,$-,$**
8600000US95925,95925,ZCTA5 95925,,,,,$-,$**
8600000US95944,95944,ZCTA5 95944,,,$-,$**,$-,$**
8600000US95974,95974,ZCTA5 95974,,,,,$-,$**
8600000US95978,95978,ZCTA5 95978,,,,,$-,$**
8600000US95981,95981,ZCTA5 95981,$-,$**,$-,$**,$-,$**
8600000US95984,95984,ZCTA5 95984,$-,$**,$-,$**,$-,$**
8600000US95986,95986,ZCTA5 95986,,,,,$-,$**
8600000US96105,96105,ZCTA5 96105,,,$-,$**,$-,$**
8600000US96108,96108,ZCTA5 96108,$-,$**,$-,$**,$-,$**
8600000US96111,96111,ZCTA5 96111,,,,,$-,$**
8600000US96129,96129,ZCTA5 96129,,,$-,$**,,
8600000US96136,96136,ZCTA5 96136,,,$-,$**,,
8600000US96155,96155,ZCTA5 96155,$-,$**,$-,$**,$-,$**
8600000US96751,96751,ZCTA5 96751,,,$-,$**,$-,$**
8600000US96850,96850,ZCTA5 96850,$-,$**,$-,$**,$-,$**
8600000US96863,96863,ZCTA5 96863,,,,,$-,$**
8600000US97028,97028,ZCTA5 97028,,,,,$-,$**
8600000US97057,97057,ZCTA5 97057,,,$-,$**,$-,$**
8600000US97208,97208,ZCTA5 97208,$-,$**,$-,$**,$-,$**
8600000US97373,97373,ZCTA5 97373,,,,,$-,$**
8600000US97384,97384,ZCTA5 97384,$-,$**,$-,$**,$-,$**
8600000US97406,97406,ZCTA5 97406,,,$-,$**,$-,$**
8600000US97494,97494,ZCTA5 97494,$-,$**,$-,$**,$-,$**
8600000US97712,97712,ZCTA5 97712,$-,$**,$-,$**,$-,$**
8600000US97751,97751,ZCTA5 97751,,,$-,$**,$-,$**
8600000US97752,97752,ZCTA5 97752,,,$-,$**,$-,$**
8600000US97817,97817,ZCTA5 97817,,,$-,$**,$-,$**
8600000US97859,97859,ZCTA5 97859,$-,$**,$-,$**,$-,$**
8600000US97909,97909,ZCTA5 97909,,,$-,$**,$-,$**
8600000US98050,98050,ZCTA5 98050,,,,,$-,$**
8600000US98154,98154,ZCTA5 98154,$-,$**,$-,$**,$-,$**
8600000US98158,98158,ZCTA5 98158,$-,$**,$-,$**,$-,$**
8600000US98174,98174,ZCTA5 98174,$-,$**,$-,$**,$-,$**
8600000US98195,98195,ZCTA5 98195,,,$-,$**,$-,$**
8600000US98235,98235,ZCTA5 98235,,,$-,$**,,
8600000US98238,98238,ZCTA5 98238,$-,$**,$-,$**,$-,$**
8600000US98353,98353,ZCTA5 98353,$-,$**,$-,$**,$-,$**
8600000US98364,98364,ZCTA5 98364,,,$-,$**,,
8600000US98430,98430,ZCTA5 98430,,,$-,$**,,
8600000US98544,98544,ZCTA5 98544,$-,$**,$-,$**,$-,$**
8600000US98559,98559,ZCTA5 98559,,,$-,$**,,
8600000US98562,98562,ZCTA5 98562,$-,$**,$-,$**,$-,$**
8600000US98641,98641,ZCTA5 98641,$-,$**,$-,$**,$-,$**
8600000US98852,98852,ZCTA5 98852,,,$-,$**,,
8600000US98853,98853,ZCTA5 98853,,,$-,$**,$-,$**
8600000US98929,98929,ZCTA5 98929,$-,$**,$-,$**,$-,$**
8600000US99020,99020,ZCTA5 99020,$-,$**,$-,$**,$-,$**
8600000US99034,99034,ZCTA5 99034,$-,$**,$-,$**,$-,$**
8600000US99164,99164,ZCTA5 99164,$-,$**,$-,$**,$-,$**
8600000US99513,99513,ZCTA5 99513,$-,$**,$-,$**,$-,$**
8600000US99695,99695,ZCTA5 99695,$-,$**,$-,$**,$-,$**
8600000US99704,99704,ZCTA5 99704,,,,,$-,$**
8600000US99706,99706,ZCTA5 99706,$-,$**,$-,$**,$-,$**
8600000US99732,99732,ZCTA5 99732,$-,$**,$-,$**,$-,$**
8600000US99767,99767,ZCTA5 99767,,,$-,$**,,
8600000US99790,99790,ZCTA5 99790,$-,$**,$-,$**,$-,$**
8600000US99903,99903,ZCTA5 99903,$-,$**,$-,$**,$-,$**
8600000US99923,99923,ZCTA5 99923,$-,$**,$-,$**,$-,$**
